{
    "city": 1,
    "initialStart": [
        18.09764,
        59.3097
    ],
    "trips": [
        {
            "user": {
                "id": 521,
                "token": "eyJhbGciOiJIUzI1NiIsInR5cCI6IkpXVCJ9.eyJpZCI6NTIxLCJyb2xlIjoidXNlciIsImlhdCI6MTcwMDkzNzU4NCwiZXhwIjoxNzMyNDczNTg0fQ.1onmqArWHS59hGn1Fj1ZCgGgqCjTm-GtXgmawVVbf8Y"
            },
            "coords": [
                [
                    18.09764,
                    59.3097
                ],
                [
                    18.09793,
                    59.31022
                ],
                [
                    18.09796,
                    59.31029
                ],
                [
                    18.09821,
                    59.31074
                ],
                [
                    18.09763,
                    59.31083
                ],
                [
                    18.09601,
                    59.31106
                ],
                [
                    18.09616,
                    59.31135
                ]
            ]
        },
        {
            "user": {
                "id": 522,
                "token": "eyJhbGciOiJIUzI1NiIsInR5cCI6IkpXVCJ9.eyJpZCI6NTIyLCJyb2xlIjoidXNlciIsImlhdCI6MTcwMDkzNzU4NCwiZXhwIjoxNzMyNDczNTg0fQ.7FUZIEAp2PRGG8vsYsFCXBv6FZrcKpp54iznAxQMjY4"
            },
            "coords": [
                [
                    18.09617,
                    59.31135
                ],
                [
                    18.09601,
                    59.31106
                ],
                [
                    18.09763,
                    59.31083
                ],
                [
                    18.09821,
                    59.31074
                ],
                [
                    18.09796,
                    59.31029
                ],
                [
                    18.09793,
                    59.31022
                ],
                [
                    18.09761,
                    59.30965
                ],
                [
                    18.09733,
                    59.30914
                ],
                [
                    18.09731,
                    59.30911
                ],
                [
                    18.09712,
                    59.30877
                ],
                [
                    18.09693,
                    59.30877
                ],
                [
                    18.09676,
                    59.30874
                ]
            ]
        }
    ],
    "apiKey": "ee54283c18caea5a49abd8328258d2dd"
}