{
    "city": 2,
    "initialStart": [
        13.55527,
        59.4156
    ],
    "trips": [
        {
            "user": {
                "id": 817,
                "token": "eyJhbGciOiJIUzI1NiIsInR5cCI6IkpXVCJ9.eyJpZCI6ODE3LCJyb2xlIjoidXNlciIsImlhdCI6MTcwMDk0MDA3MCwiZXhwIjoxNzMyNDc2MDcwfQ.MWivMuOC-pf4WHpIlY5ZXS6NGKQ9_Qt3O1GHpNSA8F8"
            },
            "coords": [
                [
                    13.55527,
                    59.4156
                ],
                [
                    13.55564,
                    59.41587
                ],
                [
                    13.55576,
                    59.41598
                ],
                [
                    13.55598,
                    59.41602
                ],
                [
                    13.55605,
                    59.41628
                ],
                [
                    13.55621,
                    59.41654
                ],
                [
                    13.55631,
                    59.41702
                ]
            ]
        },
        {
            "user": {
                "id": 818,
                "token": "eyJhbGciOiJIUzI1NiIsInR5cCI6IkpXVCJ9.eyJpZCI6ODE4LCJyb2xlIjoidXNlciIsImlhdCI6MTcwMDk0MDA3MCwiZXhwIjoxNzMyNDc2MDcwfQ.smtvZqnMGe6x7oXErXThNLSYl11dJkxXQjN038Q9Xpw"
            },
            "coords": [
                [
                    13.55631,
                    59.41702
                ],
                [
                    13.5568,
                    59.41691
                ],
                [
                    13.55717,
                    59.41678
                ],
                [
                    13.55762,
                    59.41678
                ],
                [
                    13.558,
                    59.41689
                ],
                [
                    13.55827,
                    59.41694
                ],
                [
                    13.55771,
                    59.41456
                ]
            ]
        }
    ],
    "apiKey": "ee54283c18caea5a49abd8328258d2dd"
}