{
    "city": 2,
    "initialStart": [
        13.50083,
        59.38206
    ],
    "trips": [
        {
            "user": {
                "id": 1011,
                "token": "eyJhbGciOiJIUzI1NiIsInR5cCI6IkpXVCJ9.eyJpZCI6MTAxMSwicm9sZSI6InVzZXIiLCJpYXQiOjE3MDA5NDY0MDEsImV4cCI6MTczMjQ4MjQwMX0.C4bGO0NJrn4immx4jr2quCdR_GyEuusZ5F1IGJ2sKXc"
            },
            "coords": [
                [
                    13.50083,
                    59.38206
                ],
                [
                    13.50084,
                    59.38219
                ],
                [
                    13.50193,
                    59.38217
                ],
                [
                    13.50181,
                    59.38223
                ],
                [
                    13.50187,
                    59.38309
                ],
                [
                    13.50188,
                    59.38331
                ],
                [
                    13.50189,
                    59.38348
                ],
                [
                    13.50189,
                    59.38364
                ],
                [
                    13.50189,
                    59.38371
                ],
                [
                    13.5019,
                    59.38379
                ],
                [
                    13.50192,
                    59.38411
                ],
                [
                    13.50196,
                    59.38456
                ],
                [
                    13.50189,
                    59.38461
                ],
                [
                    13.5013,
                    59.38437
                ]
            ]
        },
        {
            "user": {
                "id": 1012,
                "token": "eyJhbGciOiJIUzI1NiIsInR5cCI6IkpXVCJ9.eyJpZCI6MTAxMiwicm9sZSI6InVzZXIiLCJpYXQiOjE3MDA5NDY0MDEsImV4cCI6MTczMjQ4MjQwMX0.dvhXLSy5Y0UvCA2z4F-BFBqxH3t27HlQs0HCuqrEsNw"
            },
            "coords": [
                [
                    13.5013,
                    59.38437
                ],
                [
                    13.50189,
                    59.38461
                ],
                [
                    13.50196,
                    59.38456
                ],
                [
                    13.50192,
                    59.38411
                ],
                [
                    13.5019,
                    59.38379
                ],
                [
                    13.50189,
                    59.38371
                ],
                [
                    13.50189,
                    59.38364
                ],
                [
                    13.50189,
                    59.38348
                ],
                [
                    13.50188,
                    59.38331
                ],
                [
                    13.50187,
                    59.38309
                ],
                [
                    13.50181,
                    59.38223
                ],
                [
                    13.50193,
                    59.38217
                ],
                [
                    13.5024,
                    59.38216
                ],
                [
                    13.5024,
                    59.38223
                ]
            ]
        }
    ],
    "apiKey": "ee54283c18caea5a49abd8328258d2dd"
}