{
    "city": 2,
    "initialStart": [
        13.56258,
        59.40737
    ],
    "trips": [
        {
            "user": {
                "id": 1265,
                "token": "eyJhbGciOiJIUzI1NiIsInR5cCI6IkpXVCJ9.eyJpZCI6MTI2NSwicm9sZSI6InVzZXIiLCJpYXQiOjE3MDA5NDk1OTgsImV4cCI6MTczMjQ4NTU5OH0.anGXCHVei-gWCKWpZJn0TpvSP3xlxU0H4-2LizoRgTY"
            },
            "coords": [
                [
                    13.56258,
                    59.40737
                ],
                [
                    13.5629,
                    59.40735
                ],
                [
                    13.56334,
                    59.40732
                ],
                [
                    13.56404,
                    59.40722
                ],
                [
                    13.56452,
                    59.40708
                ],
                [
                    13.56461,
                    59.40737
                ],
                [
                    13.56471,
                    59.40769
                ],
                [
                    13.56493,
                    59.40836
                ],
                [
                    13.56532,
                    59.4088
                ],
                [
                    13.5655,
                    59.40899
                ]
            ]
        },
        {
            "user": {
                "id": 1266,
                "token": "eyJhbGciOiJIUzI1NiIsInR5cCI6IkpXVCJ9.eyJpZCI6MTI2Niwicm9sZSI6InVzZXIiLCJpYXQiOjE3MDA5NDk1OTgsImV4cCI6MTczMjQ4NTU5OH0.JL1633E37rdQKh1kRMB007vF6dduJgxCobG9KYOiCWA"
            },
            "coords": [
                [
                    13.5655,
                    59.40899
                ],
                [
                    13.56532,
                    59.4088
                ],
                [
                    13.56493,
                    59.40836
                ],
                [
                    13.56471,
                    59.40769
                ],
                [
                    13.56461,
                    59.40737
                ],
                [
                    13.56452,
                    59.40708
                ],
                [
                    13.56404,
                    59.40722
                ],
                [
                    13.56334,
                    59.40732
                ],
                [
                    13.5629,
                    59.40735
                ],
                [
                    13.56206,
                    59.4074
                ],
                [
                    13.56152,
                    59.40747
                ],
                [
                    13.56124,
                    59.40749
                ]
            ]
        }
    ],
    "apiKey": "ee54283c18caea5a49abd8328258d2dd"
}